[
  {
    "model": "experimentManager.BenchmarkSuite",
    "pk": 1,
    "fields": {
      "suite": "speccpu"
    }
  },
  {
    "model": "experimentManager.BenchmarkSuite",
    "pk": 2,
    "fields": {
      "suite": "spec2006"
    }
  },
  {
	"model": "experimentManager.Benchmarks",
	"pk": 1,
	"fields": {
		"suite": 1,
		"name": "06.429.mcf"
	}
	},
	{
		"model": "experimentManager.Benchmarks",
		"pk": 2,
		"fields": {
			"suite": 1,
			"name": "06.454.calculix"
		}
	},
	{
		"model": "experimentManager.Benchmarks",
		"pk": 3,
		"fields": {
			"suite": 1,
			"name": "06.437.leslie3d"
		}
	},
	{
		"model": "experimentManager.Benchmarks",
		"pk": 4,
		"fields": {
			"suite": 1,
			"name": "06.433.milc"
		}
	},
	{
		"model": "experimentManager.Benchmarks",
		"pk": 5,
		"fields": {
			"suite": 1,
			"name": "00.art"
		}
	},
	{
		"model": "experimentManager.Benchmarks",
		"pk": 6,
		"fields": {
			"suite": 1,
			"name": "06.458.sjeng"
		}
	},
	{
		"model": "experimentManager.Benchmarks",
		"pk": 7,
		"fields": {
			"suite": 1,
			"name": "06.403.gcc"
		}
	},
	{
		"model": "experimentManager.Benchmarks",
		"pk": 8,
		"fields": {
			"suite": 1,
			"name": "06.416.gamess"
		}
	},
	{
		"model": "experimentManager.Benchmarks",
		"pk": 9,
		"fields": {
			"suite": 1,
			"name": "06.400.perlbench"
		}
	},
	{
		"model": "experimentManager.Benchmarks",
		"pk": 10,
		"fields": {
			"suite": 1,
			"name": "06.482.sphinx3"
		}
	},
	{
		"model": "experimentManager.Benchmarks",
		"pk": 11,
		"fields": {
			"suite": 1,
			"name": "06.410.bwaves"
		}
	},
	{
		"model": "experimentManager.Benchmarks",
		"pk": 12,
		"fields": {
			"suite": 1,
			"name": "00.equake"
		}
	},
	{
		"model": "experimentManager.Benchmarks",
		"pk": 13,
		"fields": {
			"suite": 1,
			"name": "06.435.gromacs"
		}
	},
	{
		"model": "experimentManager.Benchmarks",
		"pk": 14,
		"fields": {
			"suite": 1,
			"name": "06.445.gobmk"
		}
	},
	{
		"model": "experimentManager.Benchmarks",
		"pk": 15,
		"fields": {
			"suite": 1,
			"name": "06.434.zeusmp"
		}
	},
	{
		"model": "experimentManager.Benchmarks",
		"pk": 16,
		"fields": {
			"suite": 1,
			"name": "00.mcf"
		}
	},
	{
		"model": "experimentManager.Benchmarks",
		"pk": 17,
		"fields": {
			"suite": 1,
			"name": "06.444.namd"
		}
	},
	{
		"model": "experimentManager.Benchmarks",
		"pk": 18,
		"fields": {
			"suite": 1,
			"name": "06.456.hmmer"
		}
	},
	{
		"model": "experimentManager.Benchmarks",
		"pk": 19,
		"fields": {
			"suite": 1,
			"name": "00.applu"
		}
	},
	{
		"model": "experimentManager.Benchmarks",
		"pk": 20,
		"fields": {
			"suite": 1,
			"name": "06.462.libquantum"
		}
	},
	{
		"model": "experimentManager.Benchmarks",
		"pk": 21,
		"fields": {
			"suite": 1,
			"name": "00.parser"
		}
	},
	{
		"model": "experimentManager.Benchmarks",
		"pk": 22,
		"fields": {
			"suite": 1,
			"name": "06.464.h264ref"
		}
	},
	{
		"model": "experimentManager.Benchmarks",
		"pk": 23,
		"fields": {
			"suite": 1,
			"name": "06.450.soplex"
		}
	},
	{
		"model": "experimentManager.Benchmarks",
		"pk": 24,
		"fields": {
			"suite": 1,
			"name": "06.473.astar"
		}
	},
	{
		"model": "experimentManager.Benchmarks",
		"pk": 25,
		"fields": {
			"suite": 1,
			"name": "00.mgrid"
		}
	},
	{
		"model": "experimentManager.Benchmarks",
		"pk": 26,
		"fields": {
			"suite": 1,
			"name": "06.401.bzip2"
		}
	},
	{
		"model": "experimentManager.Benchmarks",
		"pk": 27,
		"fields": {
			"suite": 1,
			"name": "06.465.tonto"
		}
	},
	{
		"model": "experimentManager.Benchmarks",
		"pk": 28,
		"fields": {
			"suite": 1,
			"name": "06.453.povray"
		}
	},
	{
		"model": "experimentManager.Benchmarks",
		"pk": 29,
		"fields": {
			"suite": 1,
			"name": "00.facerec"
		}
	},
	{
		"model": "experimentManager.Benchmarks",
		"pk": 30,
		"fields": {
			"suite": 1,
			"name": "00.ammp"
		}
	},
	{
		"model": "experimentManager.Benchmarks",
		"pk": 31,
		"fields": {
			"suite": 1,
			"name": "00.lucas"
		}
	},
	{
		"model": "experimentManager.Benchmarks",
		"pk": 32,
		"fields": {
			"suite": 1,
			"name": "06.459.GemsFDTD"
		}
	},
	{
		"model": "experimentManager.Benchmarks",
		"pk": 33,
		"fields": {
			"suite": 1,
			"name": "06.436.cactusADM"
		}
	},
	{
		"model": "experimentManager.Benchmarks",
		"pk": 34,
		"fields": {
			"suite": 1,
			"name": "06.470.lbm"
		}
	},
	{
		"model": "experimentManager.Benchmarks",
		"pk": 35,
		"fields": {
			"suite": 1,
			"name": "00.swim"
		}
	},
	{
		"model": "experimentManager.Benchmarks",
		"pk": 36,
		"fields": {
			"suite": 2,
			"name": "need_benchmarks"
		}
	},
	{"pk": "version", "model": "experimentManager.metric", "fields": {"metrictype": "NOPLOT"}}, {"pk": "cmdline", "model": "experimentManager.metric", "fields": {"metrictype": "SCATTERPLOT"}}, {"pk": "cycles", "model": "experimentManager.metric", "fields": {"metrictype": "HISTOGRAM"}}, {"pk": "core_insn_fetched", "model": "experimentManager.metric", "fields": {"metrictype": "HISTOGRAM"}}, {"pk": "core_insn_fetched_onpath", "model": "experimentManager.metric", "fields": {"metrictype": "HISTOGRAM"}}, {"pk": "core_insn_retired", "model": "experimentManager.metric", "fields": {"metrictype": "HISTOGRAM"}}, {"pk": "core_macroinsn_retired", "model": "experimentManager.metric", "fields": {"metrictype": "HISTOGRAM"}}, {"pk": "core_bp_all", "model": "experimentManager.metric", "fields": {"metrictype": "HISTOGRAM"}}, {"pk": "core_bp_all_misp", "model": "experimentManager.metric", "fields": {"metrictype": "HISTOGRAM"}}, {"pk": "core_bp_jmp", "model": "experimentManager.metric", "fields": {"metrictype": "HISTOGRAM"}}, {"pk": "core_bp_jmp_misp", "model": "experimentManager.metric", "fields": {"metrictype": "HISTOGRAM"}}, {"pk": "core_bp_cond", "model": "experimentManager.metric", "fields": {"metrictype": "HISTOGRAM"}}, {"pk": "core_bp_cond_misp", "model": "experimentManager.metric", "fields": {"metrictype": "HISTOGRAM"}}, {"pk": "core_bp_call", "model": "experimentManager.metric", "fields": {"metrictype": "HISTOGRAM"}}, {"pk": "core_bp_call_misp", "model": "experimentManager.metric", "fields": {"metrictype": "HISTOGRAM"}}, {"pk": "core_bp_ret", "model": "experimentManager.metric", "fields": {"metrictype": "HISTOGRAM"}}, {"pk": "core_bp_ret_misp", "model": "experimentManager.metric", "fields": {"metrictype": "HISTOGRAM"}}, {"pk": "core_bp_indir", "model": "experimentManager.metric", "fields": {"metrictype": "HISTOGRAM"}}, {"pk": "core_bp_indir_misp", "model": "experimentManager.metric", "fields": {"metrictype": "HISTOGRAM"}}, {"pk": "core_uops_per_macro", "model": "experimentManager.metric", "fields": {"metrictype": "HISTOGRAM"}}, {"pk": "core_rob_occupancy", "model": "experimentManager.metric", "fields": {"metrictype": "HISTOGRAM"}}, {"pk": "core_rob_full", "model": "experimentManager.metric", "fields": {"metrictype": "HISTOGRAM"}}, {"pk": "core_full_window_stall", "model": "experimentManager.metric", "fields": {"metrictype": "HISTOGRAM"}}, {"pk": "core_full_window_stall_dc_miss", "model": "experimentManager.metric", "fields": {"metrictype": "HISTOGRAM"}}, {"pk": "core_full_window_stall_l2_miss", "model": "experimentManager.metric", "fields": {"metrictype": "HISTOGRAM"}}, {"pk": "core_full_window_stall_l3_miss", "model": "experimentManager.metric", "fields": {"metrictype": "HISTOGRAM"}}, {"pk": "core_dispatch_percyc", "model": "experimentManager.metric", "fields": {"metrictype": "HISTOGRAM"}}, {"pk": "core_issue_percyc", "model": "experimentManager.metric", "fields": {"metrictype": "HISTOGRAM"}}, {"pk": "core_retire_percyc", "model": "experimentManager.metric", "fields": {"metrictype": "HISTOGRAM"}}, {"pk": "core_issuelat", "model": "experimentManager.metric", "fields": {"metrictype": "HISTOGRAM"}}, {"pk": "core_execlat", "model": "experimentManager.metric", "fields": {"metrictype": "HISTOGRAM"}}, {"pk": "core_memlat", "model": "experimentManager.metric", "fields": {"metrictype": "HISTOGRAM"}}, {"pk": "core_dispatch_stalled", "model": "experimentManager.metric", "fields": {"metrictype": "HISTOGRAM"}}, {"pk": "core_retire_ra", "model": "experimentManager.metric", "fields": {"metrictype": "HISTOGRAM"}}, {"pk": "core_retire_ra_inv", "model": "experimentManager.metric", "fields": {"metrictype": "HISTOGRAM"}}, {"pk": "core_retire_ra_offpath", "model": "experimentManager.metric", "fields": {"metrictype": "HISTOGRAM"}}, {"pk": "core_retire_ra_offpath_since_entry", "model": "experimentManager.metric", "fields": {"metrictype": "HISTOGRAM"}}, {"pk": "core_retire_normal", "model": "experimentManager.metric", "fields": {"metrictype": "HISTOGRAM"}}, {"pk": "core_flush", "model": "experimentManager.metric", "fields": {"metrictype": "HISTOGRAM"}}, {"pk": "core_flush_ra", "model": "experimentManager.metric", "fields": {"metrictype": "HISTOGRAM"}}, {"pk": "fetch_stalled", "model": "experimentManager.metric", "fields": {"metrictype": "HISTOGRAM"}}, {"pk": "fetch_blocked_icache", "model": "experimentManager.metric", "fields": {"metrictype": "HISTOGRAM"}}, {"pk": "fetch_blocked_serialize", "model": "experimentManager.metric", "fields": {"metrictype": "HISTOGRAM"}}, {"pk": "fetch_newline_break", "model": "experimentManager.metric", "fields": {"metrictype": "HISTOGRAM"}}, {"pk": "icache_access", "model": "experimentManager.metric", "fields": {"metrictype": "HISTOGRAM"}}, {"pk": "icache_hit", "model": "experimentManager.metric", "fields": {"metrictype": "HISTOGRAM"}}, {"pk": "icache_miss", "model": "experimentManager.metric", "fields": {"metrictype": "HISTOGRAM"}}, {"pk": "decode_stalled", "model": "experimentManager.metric", "fields": {"metrictype": "HISTOGRAM"}}, {"pk": "map_stalled", "model": "experimentManager.metric", "fields": {"metrictype": "HISTOGRAM"}}, {"pk": "dcache_access", "model": "experimentManager.metric", "fields": {"metrictype": "HISTOGRAM"}}, {"pk": "dcache_access_ld", "model": "experimentManager.metric", "fields": {"metrictype": "HISTOGRAM"}}, {"pk": "dcache_access_st", "model": "experimentManager.metric", "fields": {"metrictype": "HISTOGRAM"}}, {"pk": "dcache_access_pre", "model": "experimentManager.metric", "fields": {"metrictype": "HISTOGRAM"}}, {"pk": "dcache_hit", "model": "experimentManager.metric", "fields": {"metrictype": "HISTOGRAM"}}, {"pk": "dcache_hit_upgr", "model": "experimentManager.metric", "fields": {"metrictype": "HISTOGRAM"}}, {"pk": "dcache_miss", "model": "experimentManager.metric", "fields": {"metrictype": "HISTOGRAM"}}, {"pk": "dcache_miss_upgr", "model": "experimentManager.metric", "fields": {"metrictype": "HISTOGRAM"}}, {"pk": "dcache_miss_np", "model": "experimentManager.metric", "fields": {"metrictype": "HISTOGRAM"}}, {"pk": "dcache_merge_mshr", "model": "experimentManager.metric", "fields": {"metrictype": "HISTOGRAM"}}, {"pk": "dcache_unique_miss", "model": "experimentManager.metric", "fields": {"metrictype": "HISTOGRAM"}}, {"pk": "dcache_wb", "model": "experimentManager.metric", "fields": {"metrictype": "HISTOGRAM"}}, {"pk": "dcache_merge_mshr_headstart_cyc", "model": "experimentManager.metric", "fields": {"metrictype": "HISTOGRAM"}}, {"pk": "l2_access", "model": "experimentManager.metric", "fields": {"metrictype": "HISTOGRAM"}}, {"pk": "l2_access_pref", "model": "experimentManager.metric", "fields": {"metrictype": "HISTOGRAM"}}, {"pk": "l2_access_write", "model": "experimentManager.metric", "fields": {"metrictype": "HISTOGRAM"}}, {"pk": "l2_hit", "model": "experimentManager.metric", "fields": {"metrictype": "HISTOGRAM"}}, {"pk": "l2_hit_pref", "model": "experimentManager.metric", "fields": {"metrictype": "HISTOGRAM"}}, {"pk": "l2_miss", "model": "experimentManager.metric", "fields": {"metrictype": "HISTOGRAM"}}, {"pk": "l2_miss_read", "model": "experimentManager.metric", "fields": {"metrictype": "HISTOGRAM"}}, {"pk": "l2_miss_write", "model": "experimentManager.metric", "fields": {"metrictype": "HISTOGRAM"}}, {"pk": "l2_secondmiss", "model": "experimentManager.metric", "fields": {"metrictype": "HISTOGRAM"}}, {"pk": "l2_wb", "model": "experimentManager.metric", "fields": {"metrictype": "HISTOGRAM"}}, {"pk": "l2_coldmiss", "model": "experimentManager.metric", "fields": {"metrictype": "HISTOGRAM"}}, {"pk": "l2_mshrs", "model": "experimentManager.metric", "fields": {"metrictype": "HISTOGRAM"}}, {"pk": "prefcache_insert", "model": "experimentManager.metric", "fields": {"metrictype": "HISTOGRAM"}}, {"pk": "prefcache_insert_hwp", "model": "experimentManager.metric", "fields": {"metrictype": "HISTOGRAM"}}, {"pk": "prefcache_insert_software", "model": "experimentManager.metric", "fields": {"metrictype": "HISTOGRAM"}}, {"pk": "prefcache_useful", "model": "experimentManager.metric", "fields": {"metrictype": "HISTOGRAM"}}, {"pk": "prefcache_useful_hwp", "model": "experimentManager.metric", "fields": {"metrictype": "HISTOGRAM"}}, {"pk": "prefcache_useful_software", "model": "experimentManager.metric", "fields": {"metrictype": "HISTOGRAM"}}, {"pk": "prefcache_evict", "model": "experimentManager.metric", "fields": {"metrictype": "HISTOGRAM"}}, {"pk": "prefcache_wb", "model": "experimentManager.metric", "fields": {"metrictype": "HISTOGRAM"}}, {"pk": "hwp_prefetch", "model": "experimentManager.metric", "fields": {"metrictype": "HISTOGRAM"}}, {"pk": "hwp_useful", "model": "experimentManager.metric", "fields": {"metrictype": "HISTOGRAM"}}, {"pk": "hwp_useless", "model": "experimentManager.metric", "fields": {"metrictype": "HISTOGRAM"}}, {"pk": "prefcache_elems", "model": "experimentManager.metric", "fields": {"metrictype": "HISTOGRAM"}}, {"pk": "dram_access", "model": "experimentManager.metric", "fields": {"metrictype": "HISTOGRAM"}}, {"pk": "dram_write", "model": "experimentManager.metric", "fields": {"metrictype": "HISTOGRAM"}}, {"pk": "dram_access_bybank", "model": "experimentManager.metric", "fields": {"metrictype": "HISTOGRAM"}}, {"pk": "dram_row_hit_bybank", "model": "experimentManager.metric", "fields": {"metrictype": "HISTOGRAM"}}, {"pk": "dram_row_miss_bybank", "model": "experimentManager.metric", "fields": {"metrictype": "HISTOGRAM"}}, {"pk": "dram_row_closed_bybank", "model": "experimentManager.metric", "fields": {"metrictype": "HISTOGRAM"}}, {"pk": "dram_activate_bybank", "model": "experimentManager.metric", "fields": {"metrictype": "HISTOGRAM"}}, {"pk": "dram_precharge_bybank", "model": "experimentManager.metric", "fields": {"metrictype": "HISTOGRAM"}}, {"pk": "dram_read_bybank", "model": "experimentManager.metric", "fields": {"metrictype": "HISTOGRAM"}}, {"pk": "dram_write_bybank", "model": "experimentManager.metric", "fields": {"metrictype": "HISTOGRAM"}}, {"pk": "dram_latency", "model": "experimentManager.metric", "fields": {"metrictype": "HISTOGRAM"}}, {"pk": "exec", "model": "experimentManager.metric", "fields": {"metrictype": "HISTOGRAM"}}, {"pk": "exec_ra", "model": "experimentManager.metric", "fields": {"metrictype": "HISTOGRAM"}}, {"pk": "exec_fetch_ra", "model": "experimentManager.metric", "fields": {"metrictype": "HISTOGRAM"}}, {"pk": "exec_dispatch_ra", "model": "experimentManager.metric", "fields": {"metrictype": "HISTOGRAM"}}, {"pk": "exec_inv", "model": "experimentManager.metric", "fields": {"metrictype": "HISTOGRAM"}}, {"pk": "exec_inv_cf", "model": "experimentManager.metric", "fields": {"metrictype": "HISTOGRAM"}}, {"pk": "exec_inv_cf_mispred", "model": "experimentManager.metric", "fields": {"metrictype": "HISTOGRAM"}}, {"pk": "exec_inv_mem", "model": "experimentManager.metric", "fields": {"metrictype": "HISTOGRAM"}}, {"pk": "exec_inv_alu", "model": "experimentManager.metric", "fields": {"metrictype": "HISTOGRAM"}}, {"pk": "ra_enter_sa", "model": "experimentManager.metric", "fields": {"metrictype": "HISTOGRAM"}}, {"pk": "ra_enter_ra", "model": "experimentManager.metric", "fields": {"metrictype": "HISTOGRAM"}}, {"pk": "ra_enter_block", "model": "experimentManager.metric", "fields": {"metrictype": "HISTOGRAM"}}, {"pk": "ra_leave_early", "model": "experimentManager.metric", "fields": {"metrictype": "HISTOGRAM"}}, {"pk": "ra_prefetch_l2", "model": "experimentManager.metric", "fields": {"metrictype": "HISTOGRAM"}}, {"pk": "ra_prefetch_useless", "model": "experimentManager.metric", "fields": {"metrictype": "HISTOGRAM"}}, {"pk": "ra_flushcost", "model": "experimentManager.metric", "fields": {"metrictype": "HISTOGRAM"}}, {"pk": "ra_flushcost_reenter", "model": "experimentManager.metric", "fields": {"metrictype": "HISTOGRAM"}}, {"pk": "ra_flushcost_normal", "model": "experimentManager.metric", "fields": {"metrictype": "HISTOGRAM"}}, {"pk": "ra_insn_retired", "model": "experimentManager.metric", "fields": {"metrictype": "HISTOGRAM"}}, {"pk": "ra_insn_retired_addrslice", "model": "experimentManager.metric", "fields": {"metrictype": "HISTOGRAM"}}, {"pk": "ra_insn_retired_addrbrslice", "model": "experimentManager.metric", "fields": {"metrictype": "HISTOGRAM"}}, {"pk": "ra_insn_retired_beforelastmiss", "model": "experimentManager.metric", "fields": {"metrictype": "HISTOGRAM"}}, {"pk": "ra_miss", "model": "experimentManager.metric", "fields": {"metrictype": "HISTOGRAM"}}, {"pk": "ra_miss_past_window", "model": "experimentManager.metric", "fields": {"metrictype": "HISTOGRAM"}}, {"pk": "ra_lastmiss_dist_at_exit", "model": "experimentManager.metric", "fields": {"metrictype": "HISTOGRAM"}}, {"pk": "ra_inhibit_probe", "model": "experimentManager.metric", "fields": {"metrictype": "HISTOGRAM"}}, {"pk": "ra_inhibit_misp", "model": "experimentManager.metric", "fields": {"metrictype": "HISTOGRAM"}}, {"pk": "ra_misp_consider_count", "model": "experimentManager.metric", "fields": {"metrictype": "HISTOGRAM"}}, {"pk": "ra_misp_inhibit_count", "model": "experimentManager.metric", "fields": {"metrictype": "HISTOGRAM"}}, {"pk": "ra_misp_enter_count", "model": "experimentManager.metric", "fields": {"metrictype": "HISTOGRAM"}}, {"pk": "ra_miss_onpath", "model": "experimentManager.metric", "fields": {"metrictype": "HISTOGRAM"}}, {"pk": "ra_miss_offpath", "model": "experimentManager.metric", "fields": {"metrictype": "HISTOGRAM"}}, {"pk": "ra_miss_by_insn", "model": "experimentManager.metric", "fields": {"metrictype": "HISTOGRAM"}}, {"pk": "ra_miss_by_branch", "model": "experimentManager.metric", "fields": {"metrictype": "HISTOGRAM"}}, {"pk": "ra_miss_by_missbranch", "model": "experimentManager.metric", "fields": {"metrictype": "HISTOGRAM"}}, {"pk": "ra_miss_by_inv", "model": "experimentManager.metric", "fields": {"metrictype": "HISTOGRAM"}}, {"pk": "ra_prefetch_by_insn", "model": "experimentManager.metric", "fields": {"metrictype": "HISTOGRAM"}}, {"pk": "ra_prefetch_by_branch", "model": "experimentManager.metric", "fields": {"metrictype": "HISTOGRAM"}}, {"pk": "ra_prefetch_by_missbranch", "model": "experimentManager.metric", "fields": {"metrictype": "HISTOGRAM"}}, {"pk": "ra_prefetch_by_inv", "model": "experimentManager.metric", "fields": {"metrictype": "HISTOGRAM"}}, {"pk": "ra_insn_by_branch", "model": "experimentManager.metric", "fields": {"metrictype": "HISTOGRAM"}}, {"pk": "ra_insn_by_missbranch", "model": "experimentManager.metric", "fields": {"metrictype": "HISTOGRAM"}}, {"pk": "ra_insn_by_inv", "model": "experimentManager.metric", "fields": {"metrictype": "HISTOGRAM"}}, {"pk": "ra_insn_by_miss", "model": "experimentManager.metric", "fields": {"metrictype": "HISTOGRAM"}}, {"pk": "ra_branch_by_insn", "model": "experimentManager.metric", "fields": {"metrictype": "HISTOGRAM"}}, {"pk": "ra_missbranch_by_insn", "model": "experimentManager.metric", "fields": {"metrictype": "HISTOGRAM"}}, {"pk": "ra_inv_by_insn", "model": "experimentManager.metric", "fields": {"metrictype": "HISTOGRAM"}}, {"pk": "ra_insn_by_period", "model": "experimentManager.metric", "fields": {"metrictype": "HISTOGRAM"}}, {"pk": "ra_branch_by_period", "model": "experimentManager.metric", "fields": {"metrictype": "SCATTERPLOT"}}, {"pk": "ra_missbranch_by_period", "model": "experimentManager.metric", "fields": {"metrictype": "SCATTERPLOT"}}, {"pk": "ra_inv_by_period", "model": "experimentManager.metric", "fields": {"metrictype": "HISTOGRAM"}}, {"pk": "ra_miss_by_period", "model": "experimentManager.metric", "fields": {"metrictype": "HISTOGRAM"}}, {"pk": "ra_insn_per_period", "model": "experimentManager.metric", "fields": {"metrictype": "HISTOGRAM"}}, {"pk": "ra_insn_addrslice_per_period", "model": "experimentManager.metric", "fields": {"metrictype": "HISTOGRAM"}}, {"pk": "ra_insn_addrslice_fraction_per_period", "model": "experimentManager.metric", "fields": {"metrictype": "HISTOGRAM"}}, {"pk": "ra_insn_addrbrslice_per_period", "model": "experimentManager.metric", "fields": {"metrictype": "HISTOGRAM"}}, {"pk": "ra_insn_addrbrslice_fraction_per_period", "model": "experimentManager.metric", "fields": {"metrictype": "HISTOGRAM"}}, {"pk": "ra_insn_beforelastmiss_per_period", "model": "experimentManager.metric", "fields": {"metrictype": "HISTOGRAM"}}, {"pk": "ra_insn_beforelastmiss_fraction_per_period", "model": "experimentManager.metric", "fields": {"metrictype": "HISTOGRAM"}}, {"pk": "ra_branch_per_period", "model": "experimentManager.metric", "fields": {"metrictype": "HISTOGRAM"}}, {"pk": "ra_missbranch_per_period", "model": "experimentManager.metric", "fields": {"metrictype": "HISTOGRAM"}}, {"pk": "ra_miss_per_period", "model": "experimentManager.metric", "fields": {"metrictype": "HISTOGRAM"}}, {"pk": "ra_miss_past_window_per_period", "model": "experimentManager.metric", "fields": {"metrictype": "HISTOGRAM"}}, {"pk": "ra_perfectleave_enter", "model": "experimentManager.metric", "fields": {"metrictype": "HISTOGRAM"}}, {"pk": "ra_perfectleave_haverecord", "model": "experimentManager.metric", "fields": {"metrictype": "HISTOGRAM"}}, {"pk": "ra_leaveearly_leave", "model": "experimentManager.metric", "fields": {"metrictype": "HISTOGRAM"}}, {"pk": "ra_efficient_probe", "model": "experimentManager.metric", "fields": {"metrictype": "HISTOGRAM"}}, {"pk": "ra_efficient_inhibit", "model": "experimentManager.metric", "fields": {"metrictype": "HISTOGRAM"}}, {"pk": "ra_efficient_inhibit_req_age", "model": "experimentManager.metric", "fields": {"metrictype": "HISTOGRAM"}}, {"pk": "ra_efficient_inhibit_overlap", "model": "experimentManager.metric", "fields": {"metrictype": "HISTOGRAM"}}, {"pk": "ra_efficient_inhibit_rcst", "model": "experimentManager.metric", "fields": {"metrictype": "HISTOGRAM"}}, {"pk": "ra_efficient_inhibit_sampling", "model": "experimentManager.metric", "fields": {"metrictype": "HISTOGRAM"}}, {"pk": "ra_efficient_end", "model": "experimentManager.metric", "fields": {"metrictype": "HISTOGRAM"}}, {"pk": "ra_efficient_end_invcount", "model": "experimentManager.metric", "fields": {"metrictype": "HISTOGRAM"}}, {"pk": "ra_efficient_end_dist_cycles", "model": "experimentManager.metric", "fields": {"metrictype": "HISTOGRAM"}}, {"pk": "ra_efficient_end_dist_insns", "model": "experimentManager.metric", "fields": {"metrictype": "HISTOGRAM"}}, {"pk": "ra_efficient_insns_in_ra", "model": "experimentManager.metric", "fields": {"metrictype": "HISTOGRAM"}}, {"pk": "ra_efficient_insns_since_ra", "model": "experimentManager.metric", "fields": {"metrictype": "HISTOGRAM"}}, {"pk": "filtra_seen_insn", "model": "experimentManager.metric", "fields": {"metrictype": "HISTOGRAM"}}, {"pk": "filtra_unseen_insn", "model": "experimentManager.metric", "fields": {"metrictype": "HISTOGRAM"}}, {"pk": "filtra_drop_insn", "model": "experimentManager.metric", "fields": {"metrictype": "HISTOGRAM"}}, {"pk": "filtra_drop_insn_l2miss", "model": "experimentManager.metric", "fields": {"metrictype": "HISTOGRAM"}}, {"pk": "filtra_drop_insn_dcmiss", "model": "experimentManager.metric", "fields": {"metrictype": "HISTOGRAM"}}, {"pk": "filtra_period", "model": "experimentManager.metric", "fields": {"metrictype": "HISTOGRAM"}}, {"pk": "filtra_period_seen", "model": "experimentManager.metric", "fields": {"metrictype": "HISTOGRAM"}}, {"pk": "coarsefilt_uop_seen", "model": "experimentManager.metric", "fields": {"metrictype": "HISTOGRAM"}}, {"pk": "coarsefilt_drop", "model": "experimentManager.metric", "fields": {"metrictype": "SCATTERPLOT"}}, {"pk": "coarsefilt_drop_cancel", "model": "experimentManager.metric", "fields": {"metrictype": "HISTOGRAM"}}, {"pk": "coarsefilt_leave_early", "model": "experimentManager.metric", "fields": {"metrictype": "HISTOGRAM"}}, {"pk": "coarsefilt_use_at_sample", "model": "experimentManager.metric", "fields": {"metrictype": "HISTOGRAM"}}, {"pk": "coarsefilt_brdepth_at_exit", "model": "experimentManager.metric", "fields": {"metrictype": "NOPLOT"}}, {"pk": "coarsefilt_brdepth_at_dispatch", "model": "experimentManager.metric", "fields": {"metrictype": "SCATTERPLOT"}}, {"pk": "coarsefilt_leave_early_length", "model": "experimentManager.metric", "fields": {"metrictype": "HISTOGRAM"}}, {"pk": "probfilt_uop_seen", "model": "experimentManager.metric", "fields": {"metrictype": "HISTOGRAM"}}, {"pk": "probfilt_uop_seen_ra", "model": "experimentManager.metric", "fields": {"metrictype": "HISTOGRAM"}}, {"pk": "probfilt_probe", "model": "experimentManager.metric", "fields": {"metrictype": "HISTOGRAM"}}, {"pk": "probfilt_probe_drop", "model": "experimentManager.metric", "fields": {"metrictype": "HISTOGRAM"}}, {"pk": "probfilt_probe_drop_ra", "model": "experimentManager.metric", "fields": {"metrictype": "HISTOGRAM"}}, {"pk": "probfilt_probe_ndrop", "model": "experimentManager.metric", "fields": {"metrictype": "HISTOGRAM"}}, {"pk": "probfilt_probe_ndrop_ra", "model": "experimentManager.metric", "fields": {"metrictype": "HISTOGRAM"}}, {"pk": "probfilt_probe_new", "model": "experimentManager.metric", "fields": {"metrictype": "HISTOGRAM"}}, {"pk": "probfilt_probe_new_ra", "model": "experimentManager.metric", "fields": {"metrictype": "HISTOGRAM"}}, {"pk": "probfilt_probe_both", "model": "experimentManager.metric", "fields": {"metrictype": "HISTOGRAM"}}, {"pk": "probfilt_probe_both_ra", "model": "experimentManager.metric", "fields": {"metrictype": "HISTOGRAM"}}, {"pk": "probfilt_probe_both_drop", "model": "experimentManager.metric", "fields": {"metrictype": "HISTOGRAM"}}, {"pk": "probfilt_probe_both_drop_ra", "model": "experimentManager.metric", "fields": {"metrictype": "HISTOGRAM"}}, {"pk": "probfilt_probe_both_ndrop", "model": "experimentManager.metric", "fields": {"metrictype": "HISTOGRAM"}}, {"pk": "probfilt_probe_both_ndrop_ra", "model": "experimentManager.metric", "fields": {"metrictype": "HISTOGRAM"}}, {"pk": "probfilt_probe_dropsat", "model": "experimentManager.metric", "fields": {"metrictype": "HISTOGRAM"}}, {"pk": "probfilt_coarse_nodrop_cancelhit", "model": "experimentManager.metric", "fields": {"metrictype": "HISTOGRAM"}}, {"pk": "probfilt_coarse_nodrop_period", "model": "experimentManager.metric", "fields": {"metrictype": "HISTOGRAM"}}, {"pk": "probfilt_consec_sample", "model": "experimentManager.metric", "fields": {"metrictype": "HISTOGRAM"}}, {"pk": "probfilt_consec_sample_ndrop", "model": "experimentManager.metric", "fields": {"metrictype": "HISTOGRAM"}}, {"pk": "probfilt_consec_sample_drop", "model": "experimentManager.metric", "fields": {"metrictype": "HISTOGRAM"}}, {"pk": "probfilt_consec_sample_new", "model": "experimentManager.metric", "fields": {"metrictype": "HISTOGRAM"}}, {"pk": "probfilt_drop_sample", "model": "experimentManager.metric", "fields": {"metrictype": "HISTOGRAM"}}, {"pk": "probfilt_ndrop_sample", "model": "experimentManager.metric", "fields": {"metrictype": "HISTOGRAM"}}, {"pk": "probfilt_new_sample", "model": "experimentManager.metric", "fields": {"metrictype": "HISTOGRAM"}}, {"pk": "probfilt_nra_sample", "model": "experimentManager.metric", "fields": {"metrictype": "HISTOGRAM"}}, {"pk": "probfilt_drop", "model": "experimentManager.metric", "fields": {"metrictype": "HISTOGRAM"}}, {"pk": "probfilt_drop_l2miss_oracle", "model": "experimentManager.metric", "fields": {"metrictype": "HISTOGRAM"}}, {"pk": "probfilt_tokenhit_l2", "model": "experimentManager.metric", "fields": {"metrictype": "HISTOGRAM"}}, {"pk": "probfilt_tokenhit_l2_drop", "model": "experimentManager.metric", "fields": {"metrictype": "HISTOGRAM"}}, {"pk": "probfilt_tokenhit_l2_ndrop", "model": "experimentManager.metric", "fields": {"metrictype": "HISTOGRAM"}}, {"pk": "probfilt_tokenhit_l2_new", "model": "experimentManager.metric", "fields": {"metrictype": "HISTOGRAM"}}, {"pk": "probfilt_tokenhit_condbr", "model": "experimentManager.metric", "fields": {"metrictype": "HISTOGRAM"}}, {"pk": "probfilt_tokenhit_condbr_drop", "model": "experimentManager.metric", "fields": {"metrictype": "HISTOGRAM"}}, {"pk": "probfilt_tokenhit_condbr_ndrop", "model": "experimentManager.metric", "fields": {"metrictype": "HISTOGRAM"}}, {"pk": "probfilt_tokenhit_condbr_new", "model": "experimentManager.metric", "fields": {"metrictype": "HISTOGRAM"}}, {"pk": "probfilt_tokenset", "model": "experimentManager.metric", "fields": {"metrictype": "HISTOGRAM"}}, {"pk": "probfilt_token_hit", "model": "experimentManager.metric", "fields": {"metrictype": "HISTOGRAM"}}, {"pk": "probfilt_token_hit_wasdrop", "model": "experimentManager.metric", "fields": {"metrictype": "HISTOGRAM"}}, {"pk": "probfilt_token_miss", "model": "experimentManager.metric", "fields": {"metrictype": "HISTOGRAM"}}, {"pk": "probfilt_dispatchmiss_falseneg", "model": "experimentManager.metric", "fields": {"metrictype": "HISTOGRAM"}}, {"pk": "probfilt_dispatchmiss_falsepos", "model": "experimentManager.metric", "fields": {"metrictype": "HISTOGRAM"}}, {"pk": "probfilt_dispatchmiss_neg", "model": "experimentManager.metric", "fields": {"metrictype": "HISTOGRAM"}}, {"pk": "probfilt_dispatchmiss_pos", "model": "experimentManager.metric", "fields": {"metrictype": "HISTOGRAM"}}, {"pk": "perfra_insn", "model": "experimentManager.metric", "fields": {"metrictype": "HISTOGRAM"}}, {"pk": "perfra_drop", "model": "experimentManager.metric", "fields": {"metrictype": "HISTOGRAM"}}, {"pk": "perfra_drop_mispredbr", "model": "experimentManager.metric", "fields": {"metrictype": "HISTOGRAM"}}, {"pk": "perfra_dropfrac", "model": "experimentManager.metric", "fields": {"metrictype": "HISTOGRAM"}}, {"pk": "perfra_insn_per_period", "model": "experimentManager.metric", "fields": {"metrictype": "HISTOGRAM"}}, {"pk": "perfra_drop_per_period", "model": "experimentManager.metric", "fields": {"metrictype": "HISTOGRAM"}}, {"pk": "sa_length", "model": "experimentManager.metric", "fields": {"metrictype": "HISTOGRAM"}}, {"pk": "sa_retired_per_period", "model": "experimentManager.metric", "fields": {"metrictype": "HISTOGRAM"}}, {"pk": "sa_retired_onpath_per_period", "model": "experimentManager.metric", "fields": {"metrictype": "HISTOGRAM"}}, {"pk": "sa_retired_inv_per_period", "model": "experimentManager.metric", "fields": {"metrictype": "HISTOGRAM"}}, {"pk": "sa_retired_inv_onpath_per_period", "model": "experimentManager.metric", "fields": {"metrictype": "HISTOGRAM"}}, {"pk": "sa_miss_per_period", "model": "experimentManager.metric", "fields": {"metrictype": "HISTOGRAM"}}, {"pk": "sa_miss_ra_per_period", "model": "experimentManager.metric", "fields": {"metrictype": "HISTOGRAM"}}, {"pk": "sa_miss_sa_per_period", "model": "experimentManager.metric", "fields": {"metrictype": "HISTOGRAM"}}, {"pk": "sa_miss_valid_per_period", "model": "experimentManager.metric", "fields": {"metrictype": "HISTOGRAM"}}, {"pk": "sa_miss_valid_onpath_per_period", "model": "experimentManager.metric", "fields": {"metrictype": "HISTOGRAM"}}, {"pk": "sa_miss_valid_sa_per_period", "model": "experimentManager.metric", "fields": {"metrictype": "HISTOGRAM"}}, {"pk": "sa_miss_valid_sa_onpath_per_period", "model": "experimentManager.metric", "fields": {"metrictype": "HISTOGRAM"}}, {"pk": "sa_retired", "model": "experimentManager.metric", "fields": {"metrictype": "HISTOGRAM"}}, {"pk": "sa_retired_onpath", "model": "experimentManager.metric", "fields": {"metrictype": "HISTOGRAM"}}, {"pk": "sa_retired_inv", "model": "experimentManager.metric", "fields": {"metrictype": "HISTOGRAM"}}, {"pk": "sa_retired_inv_onpath", "model": "experimentManager.metric", "fields": {"metrictype": "HISTOGRAM"}}, {"pk": "sa_miss", "model": "experimentManager.metric", "fields": {"metrictype": "HISTOGRAM"}}, {"pk": "sa_miss_ra", "model": "experimentManager.metric", "fields": {"metrictype": "HISTOGRAM"}}, {"pk": "sa_miss_sa", "model": "experimentManager.metric", "fields": {"metrictype": "HISTOGRAM"}}, {"pk": "sa_miss_valid", "model": "experimentManager.metric", "fields": {"metrictype": "HISTOGRAM"}}, {"pk": "sa_miss_valid_onpath", "model": "experimentManager.metric", "fields": {"metrictype": "HISTOGRAM"}}, {"pk": "sa_miss_valid_sa", "model": "experimentManager.metric", "fields": {"metrictype": "HISTOGRAM"}}, {"pk": "sa_miss_valid_sa_onpath", "model": "experimentManager.metric", "fields": {"metrictype": "HISTOGRAM"}}, {"pk": "sa_prefetch_l2", "model": "experimentManager.metric", "fields": {"metrictype": "HISTOGRAM"}}, {"pk": "sa_prefetch_l2_ra", "model": "experimentManager.metric", "fields": {"metrictype": "HISTOGRAM"}}, {"pk": "sa_prefetch_l2_sa", "model": "experimentManager.metric", "fields": {"metrictype": "HISTOGRAM"}}, {"pk": "sa_prefetch_useless", "model": "experimentManager.metric", "fields": {"metrictype": "HISTOGRAM"}}, {"pk": "sa_prefetch_useless_ra", "model": "experimentManager.metric", "fields": {"metrictype": "HISTOGRAM"}}, {"pk": "sa_prefetch_useless_sa", "model": "experimentManager.metric", "fields": {"metrictype": "HISTOGRAM"}}, {"pk": "sa_prefetch_useless_selfevict", "model": "experimentManager.metric", "fields": {"metrictype": "HISTOGRAM"}}, {"pk": "sa_prefetch_useless_selfevict_ra", "model": "experimentManager.metric", "fields": {"metrictype": "HISTOGRAM"}}, {"pk": "sa_prefetch_useless_selfevict_sa", "model": "experimentManager.metric", "fields": {"metrictype": "HISTOGRAM"}}, {"pk": "sa_skipconf_decide", "model": "experimentManager.metric", "fields": {"metrictype": "HISTOGRAM"}}, {"pk": "sa_skipconf_decide_newmiss", "model": "experimentManager.metric", "fields": {"metrictype": "HISTOGRAM"}}, {"pk": "sa_skipconf_decide_force_ra", "model": "experimentManager.metric", "fields": {"metrictype": "HISTOGRAM"}}, {"pk": "sa_skipconf_decide_try", "model": "experimentManager.metric", "fields": {"metrictype": "HISTOGRAM"}}, {"pk": "sa_skipconf_decide_try_ra", "model": "experimentManager.metric", "fields": {"metrictype": "HISTOGRAM"}}, {"pk": "sa_skipconf_decide_usefulrpt", "model": "experimentManager.metric", "fields": {"metrictype": "HISTOGRAM"}}, {"pk": "sa_skipconf_decide_useful", "model": "experimentManager.metric", "fields": {"metrictype": "HISTOGRAM"}}, {"pk": "sa_skipconf_decide_useful_ra", "model": "experimentManager.metric", "fields": {"metrictype": "HISTOGRAM"}}, {"pk": "sa_skipconf_decide_anymissrpt", "model": "experimentManager.metric", "fields": {"metrictype": "HISTOGRAM"}}, {"pk": "sa_skipconf_decide_anymiss", "model": "experimentManager.metric", "fields": {"metrictype": "HISTOGRAM"}}, {"pk": "sa_skipconf_decide_anymiss_ra", "model": "experimentManager.metric", "fields": {"metrictype": "HISTOGRAM"}}, {"pk": "sa_skipconf_decide_none", "model": "experimentManager.metric", "fields": {"metrictype": "HISTOGRAM"}}, {"pk": "sa_skipconf_decide_new", "model": "experimentManager.metric", "fields": {"metrictype": "HISTOGRAM"}}, {"pk": "sa_skipconf_decide_new_random", "model": "experimentManager.metric", "fields": {"metrictype": "HISTOGRAM"}}, {"pk": "sa_skipconf_multiskip", "model": "experimentManager.metric", "fields": {"metrictype": "HISTOGRAM"}}, {"pk": "nextmiss_hit", "model": "experimentManager.metric", "fields": {"metrictype": "HISTOGRAM"}}, {"pk": "nextmiss_miss", "model": "experimentManager.metric", "fields": {"metrictype": "HISTOGRAM"}}, {"pk": "nextmiss_correct", "model": "experimentManager.metric", "fields": {"metrictype": "HISTOGRAM"}}, {"pk": "nextmiss_incorrect", "model": "experimentManager.metric", "fields": {"metrictype": "HISTOGRAM"}}, {"pk": "l2_miss_non_ra_sa", "model": "experimentManager.metric", "fields": {"metrictype": "HISTOGRAM"}}, {"pk": "l2_miss_non_ra_sa_past_window", "model": "experimentManager.metric", "fields": {"metrictype": "HISTOGRAM"}}, {"pk": "nuke", "model": "experimentManager.metric", "fields": {"metrictype": "HISTOGRAM"}}, {"pk": "nuke_deadlock", "model": "experimentManager.metric", "fields": {"metrictype": "HISTOGRAM"}}
]